product-name|price|bottles|link|inventory-count
Jean Josselin Cuvée des Jean Champagne NV|199|1 x 1500 ml|https://www.vivino.com/SG/en/jean-josselin-cuvee-des-jean-champagne/w/1370130|6
Clos de l'Anhel Le Lolo de l'Anhel Corbières 2018|44|1 x 750 ml|https://www.vivino.com/SG/en/fr-l-anhel-le-lolo-de-l-anhel-corbieres/w/1219341|6
Clos de l'Anhel Les Terrassettes Corbières 2016|52|1 x 750 ml|https://www.vivino.com/SG/en/fr-l-anhel-les-terrassettes-corbieres/w/1519566|6
Clos de l'Anhel Les Dimanches Corbières 2015 Rouge|63|1 x 750 ml|https://www.vivino.com/SG/en/fr-l-anhel-les-dimanches-corbieres-rouge/w/1233766|6
Pierre Morin Sancerre 2018 Blanc|55|1 x 750 ml|https://www.vivino.com/SG/en/gerard-and-pierre-morin-sancerre-blanc/w/1214817|6
Pierre Morin Sancerre2016 Rouge|56|1 x 750 ml|https://www.vivino.com/SG/en/gerard-and-pierre-morin-sancerre-rouge/w/6023907|6
Pierre Morin Sancerre Chêne Marchand 2016|62|1 x 750 ml|https://www.vivino.com/SG/en/gerard-and-pierre-morin-sancerre-chene-marchand/w/5014328|6
Pierre Morin Bellechaume 2015|63|1 x 750 ml|https://www.vivino.com/SG/en/gerard-and-pierre-morin-bellechaume/w/4858304|6
Domaine Boutet Saulnier Brut Vouvray NV|49|1 x 750 ml|https://www.vivino.com/SG/en/boutet-saulnier-vouvray-brut/w/1290613|6
Domaine Boutet Saulnier Sec Vouvray 2017|47|1 x 750 ml|https://www.vivino.com/SG/en/boutet-saulnier-vouvray-sec/w/1537060|6
Domaine Boutet Saulnier Harmonie Vouvray 2016|46|1 x 750 ml|https://www.vivino.com/SG/en/boutet-saulnier-harmonie-vouvray/w/2141591|6
Domaine Boutet Saulnier Le Clos Dubois Vouvray 2016|65|1 x 750 ml|https://www.vivino.com/SG/en/boutet-saulnier-le-clos-dubois-vouvray/w/6249746|6
Domaine du Petit Clocher Anjou 2018 Blanc|45|1 x 750 ml|https://www.vivino.com/SG/en/petit-clocher-anjou-blanc/w/5091855|6
Domaine du Petit Clocher Anjou 2017 Rouge|39|1 x 750 ml|https://www.vivino.com/SG/en/petit-clocher-anjou-rouge/w/1215822|6
Domaine du Petit Clocher de Loire 2018 Rosé|42|1 x 750 ml|https://www.vivino.com/SG/en/petit-clocher-rose-de-loire/w/2671075|6
Domaine du Petit Clocher Chardonnay 2019 Blanc|42|1 x 750 ml|https://www.vivino.com/SG/en/petit-clocher-chardonnay/w/1705277|6
Domaine du Petit Clocher Sauvignon 2019|42|1 x 750 ml|https://www.vivino.com/SG/en/petit-clocher-sauvignon/w/2267525|6
Domaine du Petit Clocher Côteaux du Layon 2017|26|1 x 375 ml|https://www.vivino.com/SG/en/petit-clocher-coteaux-du-layon/w/1865187|6
Camille Braun Bollenberg Riesling 2018|53|1 x 750 ml|https://www.vivino.com/SG/en/camille-braun-bollenberg-vin-d-alsace-riesling/w/1243221|6
Camille Braun Riesling Alsace Grand Cru Pfingstberg 2017|75|1 x 750 ml|https://www.vivino.com/SG/en/camille-braun-pfingsterg-alsace-riesling-grand-cru/w/1243272|6
Camille Braun Riesling Alsace Grand Cru Pfingstberg 2014|85|1 x 750 ml|https://www.vivino.com/SG/en/camille-braun-pfingsterg-alsace-riesling-grand-cru/w/1243272|6
Camille Braun Riesling Grand Cru Kaefferkopf 2016|73|1 x 750 ml|https://www.vivino.com/SG/en/camille-braun-kaefferkopf-grand-cru-riesling/w/2835271|6
Camille Braun Nature Riesling 2019|65|1 x 750 ml|https://www.vivino.com/SG/en/camille-braun-nature-riesling/w/6453501|6
Camille Braun Luft Riesling 2018|59|1 x 750 ml|https://www.vivino.com/SG/en/camille-braun-alsace-terroir-riesling-luft/w/5528734|6
Camille Braun Cremant d'Alsace Brut NV|49|1 x 750 ml|https://www.vivino.com/SG/en/camille-braun-cremant-d-alsace-brut/w/2048369|6
Camille Braun Cremant d'Alsace Brut NV Rosé|55|1 x 750 ml|https://www.vivino.com/SG/en/camille-braun-cremant-d-alsace-brut-rose/w/1311487|6
Camille Braun Couer de Cuvee Cremant d'Alsace 2011|68|1 x 750 ml|https://www.vivino.com/SG/en/camille-braun-coeur-de-cuvee-cremant-d-alsace-brut/w/5628370|6
Camille Braun Cuvée de la Chapelle Pinot Gris 2018|53|1 x 750 ml|https://www.vivino.com/SG/en/camille-braun-cuvee-de-la-chapelle-pinot-gris/w/6484572|6
Camille Braun Pinot Noir Nature 2019|58|1 x 750 ml|https://www.vivino.com/SG/en/camille-braun-nature-pinot-noir/w/6484563|6
Camille Braun Cuvée Marguerite Anne Pinot Blanc 2017|42|1 x 750 ml|https://www.vivino.com/SG/en/camille-braun-cuvee-marguerite-anne-pinot-blanc/w/5456856|6
Camille Braun Cuvée Camille Pinot Noir 2017|55|1 x 750 ml|https://www.vivino.com/SG/en/camille-braun-pinot-noir/w/4367449|6
Camille Braun Pinot Gris Alsace Grand Cru Pfingstberg 2017|75|1 x 750 ml|https://www.vivino.com/SG/en/camille-braun-pfingstberg-pinot-gris/w/1183686|6
Camille Braun Vieilles Vignes Sylvaner 2019|43|1 x 750 ml|https://www.vivino.com/SG/en/camille-braun-alsace-vieilles-vignes-sylvaner/w/2485386|6
Camille Braun Nature Sylvaner 2019|52|1 x 750 ml|https://www.vivino.com/SG/en/camille-braun-nature-sylvaner/w/5889696|6
David Large ÇA Brouilly 2016|55|1 x 750 ml|https://www.vivino.com/SG/en/david-large-ca-brouilly/w/6837110|6
David Large Zombi Beaujolais Nouveau 2020|49|1 x 750 ml|https://www.vivino.com/SG/en/david-large-zombi-beaujolais-nouveau/w/9028805|6
David Large Lieu-Dit Côte de Brouilly 2019|65|1 x 750 ml|https://www.vivino.com/SG/en/david-large-lieu-dit-cote-de-brouilly/w/7769955|6
David Large Lieu-Dit Rochenoire Moulin-à-Vent 2018|69|1 x 750 ml|https://www.vivino.com/SG/en/david-large-lieu-dit-rochenoire-moulin-a-vent/w/7463875|6
David Large Les Grands Terriers Beaujolais Villages 2017|61|1 x 750 ml|https://www.vivino.com/SG/en/david-large-les-grands-terriers-beaujolais-villages/w/6328414|6
David Large Nelson Vin de France 2020 Blanc|52|1 x 750 ml|<>|6
David Large Massaï Beaujolais Nouveau 2018|49|1 x 750 ml|https://www.vivino.com/SG/en/david-large-massai-beaujolais-nouveau/w/6852744|6
David Large Dos Argenté Beaujolais Villages 2018 Blanc|55|1 x 750 ml|https://www.vivino.com/SG/en/david-large-dos-argente-beaujolais-villages-blanc/w/4953474|6
David Large Gamayhameha Beaujolais 2020|55|1 x 750 ml|https://www.vivino.com/SG/en/david-large-gamayhameha-beaujolais/w/7157086|6
Cháteau Thieuley Bordeaux 2015 Rouge|55|1 x 750 ml|https://www.vivino.com/SG/en/chateau-thieuley-bordeaux-merlot-cabernet-sauvignon/w/80155|6
Château Thieuley Made With Love 2018 Blanc|49|1 x 750 ml|https://www.vivino.com/SG/en/chateau-thieuley-made-with-love-blanc/w/7066926|6
H.M.S No. 29 Quai des Chartrons Bordeaux Supérieur 2014|40|1 x 750 ml|https://www.vivino.com/SG/en/h-m-s-bordeaux-superieur/w/5417770?ref=nav-search|6
H.M.S No. 29 Quai des Chartrons Bordeaux Supérieur 2016|40|1 x 750 ml|https://www.vivino.com/SG/en/h-m-s-bordeaux-superieur/w/5417770?ref=nav-search|6
Château Clos du Moulin Médoc 2016|49|1 x 750 ml|https://www.vivino.com/SG/en/clos-du-moulin-medoc/w/1958347|6
Château Grand Jean Bordeaux Supérieur 2019|44|1 x 750 ml|https://www.vivino.com/SG/en/grand-jean-bordeaux-superieur/w/1412346|6
Château Grand Jean Bordeaux 2019 Rouge|33|1 x 750 ml|https://www.vivino.com/SG/en/grand-jean-bordeaux/w/1146715|6
Château Grand Jean Entre-Deux-Mers 2020|33|1 x 750 ml|https://www.vivino.com/SG/en/grand-jean-entre-deux-mers/w/1159869|6
Château Grand Jean Moelleux Bordeaux 2015|33|1 x 750 ml|https://www.vivino.com/SG/en/grand-jean-bordeaux-moelleux/w/1832744|6
Château Carbonnieux La Croix de Carbonnieux Pessac-Léognan 2016 Blanc|65|1 x 750 ml|https://www.vivino.com/SG/en/chateau-carbonnieux-la-croix-de-carbonnieux-pessac-leognan-blanc/w/4139804|6
Château Carbonnieux La Croix de Carbonnieux Pessac-Léognan 2016 Rouge|69|1 x 750 ml|https://www.vivino.com/SG/en/chateau-carbonnieux-la-croix-de-carbonnieux-pessac-leognan/w/1747201|6
Château du Vallier Cadillac Côte de Bordeaux 2015 Rouge|45|1 x 750 ml|https://www.vivino.com/SG/en/chateau-du-vallier-cotes-de-bordeaux-ctes-de-bordeaux/w/1693375|6
Alain Poulet Crémant de Die NV|39|1 x 750 ml|https://www.vivino.com/SG/en/alain-poulet-cremant-de-die/w/1248006|6
Alain Poulet Clairette de Die Tradition NV|35|1 x 750 ml|https://www.vivino.com/SG/en/alain-poulet-clairette-de-die-tradition/w/1183175?ref=nav-search|6
Brunel de la Gardine Côtes du Rhône 2020 Rouge|39|1 x 750 ml|https://www.vivino.com/SG/en/brunel-de-la-gardine-cotes-du-rhone/w/1171835|6
Brunel de la Gardine Côtes du Rhône 2019 Blanc|39|1 x 750 ml|https://www.vivino.com/SG/en/brunel-de-la-gardine-cotes-du-rhone-blanc/w/5066714|6
Brunel de la Gardine Côtes du Rhône 2020 Blanc|39|1 x 750 ml|https://www.vivino.com/SG/en/brunel-de-la-gardine-cotes-du-rhone-blanc/w/5066714|6
Château de la Gardine Rasteau 2017|53|1 x 750 ml|https://www.vivino.com/SG/en/chateau-de-la-gardine-rasteau/w/1191289|6
Château de la Gardine Rasteau 2018|53|1 x 750 ml|https://www.vivino.com/SG/en/chateau-de-la-gardine-rasteau/w/1191289|6
Château de la Gardine Rasteau 2015|30|1 x 375 ml|https://www.vivino.com/SG/en/chateau-de-la-gardine-rasteau/w/1191289|6
Château de la Gardine Même Pas Peur Rasteau 2018|69|1 x 750 ml|https://www.vivino.com/SG/en/chateau-de-la-gardine-meme-pas-peur-rasteau/w/7132773|6
Château de la Gardine Châteauneuf du Pape 2018 Rouge|89|1 x 750 ml|https://www.vivino.com/SG/en/chateau-de-la-gardine-chateauneuf-du-pape/w/18017?year=2016&price_id=26545129|6
Château de la Gardine Châteauneuf du Pape 2015 Rouge|47|1 x 375 ml|https://www.vivino.com/SG/en/chateau-de-la-gardine-chateauneuf-du-pape/w/18017?year=2016&price_id=26545129|6
Château de la Gardine Peur Bleue 2018|98|1 x 750 ml|https://www.vivino.com/SG/en/chateau-de-la-gardine-peur-bleue/w/1187875?year=2018&price_id=26541805|6
Château de la Gardine Cuvée des Générations Marie-Léoncie 2017|118|1 x 750 ml|https://www.vivino.com/SG/en/chateau-de-la-gardine-chateauneuf-du-pape-cuvee-des-generations-marie-leoncie/w/2646970|6
Château de la Gardine Cuvée des Générations Marie-Léoncie 2018|118|1 x 750 ml|https://www.vivino.com/SG/en/chateau-de-la-gardine-chateauneuf-du-pape-cuvee-des-generations-marie-leoncie/w/2646970|6
Château de la Gardine Cuvée des Générations Gaston-Philippe 2017|148|1 x 750 ml|https://www.vivino.com/SG/en/chateau-de-la-gardine-chateauneuf-du-pape-cuvee-des-generations-gaston-philippe/w/18014|6
Brunel de la Gardine Crozes-Hermitage 2019|52|1 x 750 ml|https://www.vivino.com/SG/en/brunel-de-la-gardine-crozes-hermitage/w/1162957|6
Brunel de la Gardine Condrieu 2020 Blanc|87|1 x 750 ml|https://www.vivino.com/SG/en/brunel-de-la-gardine-condrieu/w/1162966|6
Brunel de la Gardine Cairanne 2019|45|1 x 750 ml|https://www.vivino.com/SG/en/brunel-de-la-gardine-cairanne/w/1148240?ref=nav-search|6
Brunel de la Gardine Hermitage 2017|93|1 x 750 ml|https://www.vivino.com/SG/en/brunel-de-la-gardine-hermitage/w/1162958|6
Brunel de la Gardine Cornas 2016|79|1 x 750 ml|https://www.vivino.com/SG/en/brunel-de-la-gardine-cornas/w/5066724|6
Brunel de la Gardine Saint Joseph 2018|54|1 x 750 ml|https://www.vivino.com/SG/en/brunel-de-la-gardine-saint-joseph/w/1162963|6
Brunel de la Gardine Gigondas 2018|55|1 x 750 ml|https://www.vivino.com/SG/en/brunel-de-la-gardine-gigondas/w/1162962|6
Domaine La Florane Terre Pourpre Visan 2017|55|1 x 750 ml|https://www.vivino.com/SG/en/domaine-la-florane-terre-pourpre-visan/w/1178252?ref=nav-search|6
Domaine La Florane Je Ne Souffre Plus Côtes-du-Rhône-Villages 2019|45|1 x 750 ml|https://www.vivino.com/SG/en/domaine-la-florane-je-ne-souffre-plus-cotes-du-rhone-villages-cotes-de-rhone-villages-red-wine/w/6362148|6
Domaine La Florane À Fleur de Pampre 2020 Rosé|46|1 x 750 ml|https://www.vivino.com/SG/en/domaine-la-florane-a-fleur-de-pampre-rose/w/5275374|6
Domaine La Florane À Fleur de Pampre 2020 Rouge|49|1 x 750 ml|https://www.vivino.com/SG/en/domaine-la-florane-a-fleur-de-pampre-rouge/w/1179693|6
Domaine La Florane À Fleur de Pampre 2020 Blanc|49|1 x 750 ml|https://www.vivino.com/SG/en/domaine-la-florane-a-fleur-de-pampre-blanc/w/5275345|6
Domaine La Florane Echevin Guillaume de Rouville Blanc Côtes-du-Rhône-Villages Saint-Maurice 2020 Blanc|59|1 x 750 ml|https://www.vivino.com/SG/en/domaine-la-florane-echevin-guillaume-de-rouville-blanc-cotes-du-rhone-villages-saint-maurice/w/7716186|6
Domaine La Florane Echevin 2020 Rouge|55|1 x 750 ml|https://www.vivino.com/SG/en/domaine-la-florane-echevin-cotes-du-rhone-villages-saint-maurice/w/8440708|6
Domaine La Florane Echevin Guillaume de Rouville 2020 Rouge|59|1 x 750 ml|https://www.vivino.com/SG/en/domaine-la-florane-echevin-guillaume-de-rouville-rouge/w/7711896|6
Bertrand Stehelin Cháteauneuf du Pape 2016|87|1 x 750 ml|https://www.vivino.com/SG/en/bertrand-stehelin-cuvee-chateauneuf-du-pape/w/1691616|6
Bertrand Stehelin Gigondas 2017|65|1 x 750 ml|https://www.vivino.com/SG/en/bertrand-stehelin-gigondas/w/1204948|6
Bertrand Stehelin Côtes-du-Rhône-Villages Sablet 2017 Blanc|52|1 x 750 ml|https://www.vivino.com/SG/en/bertrand-stehelin-cotes-du-rhone-villages-sablet-blanc/w/1486797|6
Bertrand Stehelin Côtes-du-Rhône-Villages Sablet 2017 Rouge|52|1 x 750 ml|https://www.vivino.com/SG/en/bertrand-stehelin-cotes-du-rhone-villages-sablet-rouge/w/1845570|6
Bertrand Stehelin Domaine Paillere & Pied-Gû Gigondas 2015|69|1 x 750 ml|https://www.vivino.com/SG/en/bertrand-stehelin-domaine-pallere-pied-gu-gigondas/w/1178037|6
Bertrand Stehelin La Syrah de Pénélope Gigondas 2018|95|1 x 750 ml|https://www.vivino.com/SG/en/bertrand-stehelin-la-syrah-de-penelope-gigondas/w/2186192|6
Château Saint-Roch Lirac 2018 Rouge|48|1 x 750 ml|https://www.vivino.com/SG/en/chateau-saint-roch-cotes-du-rhone-lirac/w/1172293|6
Château Saint-Roch Palmes Lirac 2019|57|1 x 750 ml|https://www.vivino.com/SG/en/chateau-saint-roch-cotes-du-rhone-palmes-lirac/w/5037799|6
Château Saint-Roch Lirac 2019Rosé|44|1 x 750 ml|https://www.vivino.com/SG/en/chateau-saint-roch-cotes-du-rhone-lirac-rose/w/5037819|6
Château Saint-Roch Lirac Blanc (Tradition) 2019|48|1 x 750 ml|https://www.vivino.com/SG/en/chateau-saint-roch-cotes-du-rhone-lirac-blanc-tradition/w/1163001|6
Château Saint-Roch Châteauneuf du Pape 2019|85|1 x 750 ml|https://www.vivino.com/SG/en/chateau-saint-roch-cotes-du-rhone-chateauneuf-du-pape/w/1207412|6
Seguin-Manuel Vieilles Vignes Pouilly-Fuissé 2019|79|1 x 750 ml|https://www.vivino.com/SG/en/seguin-manuel-vieilles-vignes-pouilly-fuisse/w/1577193|6
Seguin-Manuel Goudelettes Savigny-lès-Beaune 2018|89|1 x 750 ml|https://www.vivino.com/SG/en/seguin-manuel-goudelettes-savigny-les-beaune/w/1253534|6
Seguin-Manuel Clos des Mouches Beaune 1er Cru2018|149|1 x 750 ml|https://www.vivino.com/SG/en/seguin-manuel-clos-des-mouches-beaune-1er-cru/w/1481336|6
Seguin-Manuel Vieilles Vignes Mercurey Rouge 2019|75|1 x 750 ml|https://www.vivino.com/SG/en/seguin-manuel-vieilles-vignes-mercurey-rouge/w/2420458|6
Seguin-Manuel Champimonts Beaune 1er Cru 2017|108|1 x 750 ml|https://www.vivino.com/SG/en/seguin-manuel-champimonts-beaune-1er-cru/w/1203317|6
Seguin-Manuel Petits Noizons Pommard 2018|110|1 x 750 ml|https://www.vivino.com/SG/en/seguin-manuel-petits-noizons-pommard/w/4628549|6
Seguin-Manuel Vieilles Vignes Gevrey-Chambertin 2018|120|1 x 750 ml|https://www.vivino.com/SG/en/seguin-manuel-vieilles-vignes-gevrey-chambertin/w/82549|6
Seguin-Manuel Aux Communes Vosne-Romanée 2016|129|1 x 750 ml|https://www.vivino.com/SG/en/seguin-manuel-aux-communes-vosne-romanee/w/4628552|6